{
  "name": "hnbot",
  "version": "0.0.1",
  "lockfileVersion": 1,
  "requires": true,
  "dependencies": {
    "accepts": {
      "version": "1.3.5",
      "resolved": "https://registry.npmjs.org/accepts/-/accepts-1.3.5.tgz",
      "integrity": "sha1-63d99gEXI6OxTopywIBcjoZ0a9I=",
      "requires": {
        "mime-types": "~2.1.18",
        "negotiator": "0.6.1"
      }
    },
    "after": {
      "version": "0.8.1",
      "resolved": "https://registry.npmjs.org/after/-/after-0.8.1.tgz",
      "integrity": "sha1-q11PuIP1loFtNRX495HAr0ht1ic="
    },
    "ajv": {
      "version": "5.5.2",
      "resolved": "https://registry.npmjs.org/ajv/-/ajv-5.5.2.tgz",
      "integrity": "sha1-c7Xuyj+rZT49P5Qis0GtQiBdyWU=",
      "requires": {
        "co": "^4.6.0",
        "fast-deep-equal": "^1.0.0",
        "fast-json-stable-stringify": "^2.0.0",
        "json-schema-traverse": "^0.3.0"
      }
    },
    "array-flatten": {
      "version": "1.1.1",
      "resolved": "https://registry.npmjs.org/array-flatten/-/array-flatten-1.1.1.tgz",
      "integrity": "sha1-ml9pkFGx5wczKPKgCJaLZOopVdI="
    },
    "arraybuffer.slice": {
      "version": "0.0.6",
      "resolved": "https://registry.npmjs.org/arraybuffer.slice/-/arraybuffer.slice-0.0.6.tgz",
      "integrity": "sha1-8zshWfBTKj8xB6JywMz70a0peco="
    },
    "asn1": {
      "version": "0.2.3",
      "resolved": "https://registry.npmjs.org/asn1/-/asn1-0.2.3.tgz",
      "integrity": "sha1-2sh4dxPJlmhJ/IGAd36+nB3fO4Y="
    },
    "assert-plus": {
      "version": "1.0.0",
      "resolved": "https://registry.npmjs.org/assert-plus/-/assert-plus-1.0.0.tgz",
      "integrity": "sha1-8S4PPF13sLHN2RRpQuTpbB5N1SU="
    },
    "asynckit": {
      "version": "0.4.0",
      "resolved": "https://registry.npmjs.org/asynckit/-/asynckit-0.4.0.tgz",
      "integrity": "sha1-x57Zf380y48robyXkLzDZkdLS3k="
    },
    "aws-sign2": {
      "version": "0.7.0",
      "resolved": "https://registry.npmjs.org/aws-sign2/-/aws-sign2-0.7.0.tgz",
      "integrity": "sha1-tG6JCTSpWR8tL2+G1+ap8bP+dqg="
    },
    "aws4": {
      "version": "1.7.0",
      "resolved": "https://registry.npmjs.org/aws4/-/aws4-1.7.0.tgz",
      "integrity": "sha512-32NDda82rhwD9/JBCCkB+MRYDp0oSvlo2IL6rQWA10PQi7tDUM3eqMSltXmY+Oyl/7N3P3qNtAlv7X0d9bI28w=="
    },
    "base64-arraybuffer": {
      "version": "0.1.2",
      "resolved": "https://registry.npmjs.org/base64-arraybuffer/-/base64-arraybuffer-0.1.2.tgz",
      "integrity": "sha1-R030qfLaJOBd8xWMOx2zw81GoVQ="
    },
    "base64id": {
      "version": "0.1.0",
      "resolved": "https://registry.npmjs.org/base64id/-/base64id-0.1.0.tgz",
      "integrity": "sha1-As4P3u4M709ACA4ec+g08LG/zj8="
    },
    "bcrypt-pbkdf": {
      "version": "1.0.1",
      "resolved": "https://registry.npmjs.org/bcrypt-pbkdf/-/bcrypt-pbkdf-1.0.1.tgz",
      "integrity": "sha1-Y7xdy2EzG5K8Bf1SiVPDNGKgb40=",
      "optional": true,
      "requires": {
        "tweetnacl": "^0.14.3"
      }
    },
    "benchmark": {
      "version": "1.0.0",
      "resolved": "https://registry.npmjs.org/benchmark/-/benchmark-1.0.0.tgz",
      "integrity": "sha1-Lx4vpMNZ8REiqhgwgiGOlX45DHM="
    },
    "better-assert": {
      "version": "1.0.2",
      "resolved": "https://registry.npmjs.org/better-assert/-/better-assert-1.0.2.tgz",
      "integrity": "sha1-QIZrnhueC1W0gYlDEeaPr/rrxSI=",
      "requires": {
        "callsite": "1.0.0"
      }
    },
    "blob": {
      "version": "0.0.2",
      "resolved": "https://registry.npmjs.org/blob/-/blob-0.0.2.tgz",
      "integrity": "sha1-uJVivWmUr5W6HoEhVVNjM6ojzyQ="
    },
    "body-parser": {
      "version": "1.18.2",
      "resolved": "https://registry.npmjs.org/body-parser/-/body-parser-1.18.2.tgz",
      "integrity": "sha1-h2eKGdhLR9hZuDGZvVm84iKxBFQ=",
      "requires": {
        "bytes": "3.0.0",
        "content-type": "~1.0.4",
        "debug": "2.6.9",
        "depd": "~1.1.1",
        "http-errors": "~1.6.2",
        "iconv-lite": "0.4.19",
        "on-finished": "~2.3.0",
        "qs": "6.5.1",
        "raw-body": "2.3.2",
        "type-is": "~1.6.15"
      }
    },
    "boom": {
      "version": "4.3.1",
      "resolved": "https://registry.npmjs.org/boom/-/boom-4.3.1.tgz",
      "integrity": "sha1-T4owBctKfjiJ90kDD9JbluAdLjE=",
      "requires": {
        "hoek": "4.x.x"
      }
    },
    "bytes": {
      "version": "3.0.0",
      "resolved": "https://registry.npmjs.org/bytes/-/bytes-3.0.0.tgz",
      "integrity": "sha1-0ygVQE1olpn4Wk6k+odV3ROpYEg="
    },
    "callsite": {
      "version": "1.0.0",
      "resolved": "https://registry.npmjs.org/callsite/-/callsite-1.0.0.tgz",
      "integrity": "sha1-KAOY5dZkvXQDi28JBRU+borxvCA="
    },
    "caseless": {
      "version": "0.12.0",
      "resolved": "https://registry.npmjs.org/caseless/-/caseless-0.12.0.tgz",
      "integrity": "sha1-G2gcIf+EAzyCZUMJBolCDRhxUdw="
    },
    "co": {
      "version": "4.6.0",
      "resolved": "https://registry.npmjs.org/co/-/co-4.6.0.tgz",
      "integrity": "sha1-bqa989hTrlTMuOR7+gvz+QMfsYQ="
    },
    "combined-stream": {
      "version": "1.0.6",
      "resolved": "https://registry.npmjs.org/combined-stream/-/combined-stream-1.0.6.tgz",
      "integrity": "sha1-cj599ugBrFYTETp+RFqbactjKBg=",
      "requires": {
        "delayed-stream": "~1.0.0"
      }
    },
    "commander": {
      "version": "0.6.1",
      "resolved": "https://registry.npmjs.org/commander/-/commander-0.6.1.tgz",
      "integrity": "sha1-+mihT2qUXVTbvlDYzbMyDp47GgY="
    },
    "component-bind": {
      "version": "1.0.0",
      "resolved": "https://registry.npmjs.org/component-bind/-/component-bind-1.0.0.tgz",
      "integrity": "sha1-AMYIq33Nk4l8AAllGx06jh5zu9E="
    },
    "component-emitter": {
      "version": "1.1.2",
      "resolved": "https://registry.npmjs.org/component-emitter/-/component-emitter-1.1.2.tgz",
      "integrity": "sha1-KWWU8nU9qmOZbSrwjRWpURbJrsM="
    },
    "component-inherit": {
      "version": "0.0.3",
      "resolved": "https://registry.npmjs.org/component-inherit/-/component-inherit-0.0.3.tgz",
      "integrity": "sha1-ZF/ErfWLcrZJ1crmUTVhnbJv8UM="
    },
    "content-disposition": {
      "version": "0.5.2",
      "resolved": "https://registry.npmjs.org/content-disposition/-/content-disposition-0.5.2.tgz",
      "integrity": "sha1-DPaLud318r55YcOoUXjLhdunjLQ="
    },
    "content-type": {
      "version": "1.0.4",
      "resolved": "https://registry.npmjs.org/content-type/-/content-type-1.0.4.tgz",
      "integrity": "sha512-hIP3EEPs8tB9AT1L+NUqtwOAps4mk2Zob89MWXMHjHWg9milF/j4osnnQLXBCBFBk/tvIG/tUc9mOUJiPBhPXA=="
    },
    "cookie": {
      "version": "0.3.1",
      "resolved": "https://registry.npmjs.org/cookie/-/cookie-0.3.1.tgz",
      "integrity": "sha1-5+Ch+e9DtMi6klxcWpboBtFoc7s="
    },
    "cookie-signature": {
      "version": "1.0.6",
      "resolved": "https://registry.npmjs.org/cookie-signature/-/cookie-signature-1.0.6.tgz",
      "integrity": "sha1-4wOogrNCzD7oylE6eZmXNNqzriw="
    },
    "core-util-is": {
      "version": "1.0.2",
      "resolved": "https://registry.npmjs.org/core-util-is/-/core-util-is-1.0.2.tgz",
      "integrity": "sha1-tf1UIgqivFq1eqtxQMlAdUUDwac="
    },
    "cryptiles": {
      "version": "3.1.2",
      "resolved": "https://registry.npmjs.org/cryptiles/-/cryptiles-3.1.2.tgz",
      "integrity": "sha1-qJ+7Ig9c4l7FboxKqKT9e1sNKf4=",
      "requires": {
        "boom": "5.x.x"
      },
      "dependencies": {
        "boom": {
          "version": "5.2.0",
          "resolved": "https://registry.npmjs.org/boom/-/boom-5.2.0.tgz",
          "integrity": "sha512-Z5BTk6ZRe4tXXQlkqftmsAUANpXmuwlsF5Oov8ThoMbQRzdGTA1ngYRW160GexgOgjsFOKJz0LYhoNi+2AMBUw==",
          "requires": {
            "hoek": "4.x.x"
          }
        }
      }
    },
    "dashdash": {
      "version": "1.14.1",
      "resolved": "https://registry.npmjs.org/dashdash/-/dashdash-1.14.1.tgz",
      "integrity": "sha1-hTz6D3y+L+1d4gMmuN1YEDX24vA=",
      "requires": {
        "assert-plus": "^1.0.0"
      }
    },
    "debug": {
      "version": "2.6.9",
      "resolved": "https://registry.npmjs.org/debug/-/debug-2.6.9.tgz",
      "integrity": "sha512-bC7ElrdJaJnPbAP+1EotYvqZsb3ecl5wi6Bfi6BJTUcNowp6cvspg0jXznRTKDjm/E7AdgFBVeAPVMNcKGsHMA==",
      "requires": {
        "ms": "2.0.0"
      }
    },
    "delayed-stream": {
      "version": "1.0.0",
      "resolved": "https://registry.npmjs.org/delayed-stream/-/delayed-stream-1.0.0.tgz",
      "integrity": "sha1-3zrhmayt+31ECqrgsp4icrJOxhk="
    },
    "depd": {
      "version": "1.1.2",
      "resolved": "https://registry.npmjs.org/depd/-/depd-1.1.2.tgz",
      "integrity": "sha1-m81S4UwJd2PnSbJ0xDRu0uVgtak="
    },
    "destroy": {
      "version": "1.0.4",
      "resolved": "https://registry.npmjs.org/destroy/-/destroy-1.0.4.tgz",
      "integrity": "sha1-l4hXRCxEdJ5CBmE+N5RiBYJqvYA="
    },
    "ecc-jsbn": {
      "version": "0.1.1",
      "resolved": "https://registry.npmjs.org/ecc-jsbn/-/ecc-jsbn-0.1.1.tgz",
      "integrity": "sha1-D8c6ntXw1Tw4GTOYUj735UN3dQU=",
      "optional": true,
      "requires": {
        "jsbn": "~0.1.0"
      }
    },
    "ee-first": {
      "version": "1.1.1",
      "resolved": "https://registry.npmjs.org/ee-first/-/ee-first-1.1.1.tgz",
      "integrity": "sha1-WQxhFWsK4vTwJVcyoViyZrxWsh0="
    },
    "encodeurl": {
      "version": "1.0.2",
      "resolved": "https://registry.npmjs.org/encodeurl/-/encodeurl-1.0.2.tgz",
      "integrity": "sha1-rT/0yG7C0CkyL1oCw6mmBslbP1k="
    },
    "engine.io": {
      "version": "1.4.2",
      "resolved": "https://registry.npmjs.org/engine.io/-/engine.io-1.4.2.tgz",
      "integrity": "sha1-Dmmw97V+HZ39a1cmCrsgTLnenXM=",
      "requires": {
        "base64id": "0.1.0",
        "debug": "1.0.3",
        "engine.io-parser": "1.1.0",
        "ws": "0.4.31"
      },
      "dependencies": {
        "debug": {
          "version": "1.0.3",
          "resolved": "https://registry.npmjs.org/debug/-/debug-1.0.3.tgz",
          "integrity": "sha1-/IxrLWACgEtAgcAgjg9kYLofo+Q=",
          "requires": {
            "ms": "0.6.2"
          }
        },
        "ms": {
          "version": "0.6.2",
          "resolved": "https://registry.npmjs.org/ms/-/ms-0.6.2.tgz",
          "integrity": "sha1-2JwhJMb9wTU9Zai3e/GqxLGTcIw="
        }
      }
    },
    "engine.io-client": {
      "version": "1.4.2",
      "resolved": "https://registry.npmjs.org/engine.io-client/-/engine.io-client-1.4.2.tgz",
      "integrity": "sha1-x6wADm3wWxyjWPBgx5md+RFMzx4=",
      "requires": {
        "component-emitter": "1.1.2",
        "component-inherit": "0.0.3",
        "debug": "0.7.4",
        "engine.io-parser": "1.1.0",
        "has-cors": "1.0.3",
        "indexof": "0.0.1",
        "parsejson": "0.0.1",
        "parseqs": "0.0.2",
        "parseuri": "0.0.4",
        "ws": "0.4.31",
        "xmlhttprequest": "https://github.com/LearnBoost/node-XMLHttpRequest/archive/0f36d0b5ebc03d85f860d42a64ae9791e1daa433.tar.gz"
      },
      "dependencies": {
        "debug": {
          "version": "0.7.4",
          "resolved": "https://registry.npmjs.org/debug/-/debug-0.7.4.tgz",
          "integrity": "sha1-BuHqgILCyxTjmAbiLi9vdX+Srzk="
        },
        "parseuri": {
          "version": "0.0.4",
          "resolved": "https://registry.npmjs.org/parseuri/-/parseuri-0.0.4.tgz",
          "integrity": "sha1-gGWCo5iH4eoY3V4v4OAZAiaOk1A=",
          "requires": {
            "better-assert": "~1.0.0"
          }
        }
      }
    },
    "engine.io-parser": {
      "version": "1.1.0",
      "resolved": "https://registry.npmjs.org/engine.io-parser/-/engine.io-parser-1.1.0.tgz",
      "integrity": "sha1-OaL3seiZj6EkX7yR4TUEuMkvN1U=",
      "requires": {
        "after": "0.8.1",
        "arraybuffer.slice": "0.0.6",
        "base64-arraybuffer": "0.1.2",
        "blob": "0.0.2",
        "utf8": "2.0.0"
      }
    },
    "escape-html": {
      "version": "1.0.3",
      "resolved": "https://registry.npmjs.org/escape-html/-/escape-html-1.0.3.tgz",
      "integrity": "sha1-Aljq5NPQwJdN4cFpGI7wBR0dGYg="
    },
    "etag": {
      "version": "1.8.1",
      "resolved": "https://registry.npmjs.org/etag/-/etag-1.8.1.tgz",
      "integrity": "sha1-Qa4u62XvpiJorr/qg6x9eSmbCIc="
    },
    "express": {
      "version": "4.16.3",
      "resolved": "https://registry.npmjs.org/express/-/express-4.16.3.tgz",
      "integrity": "sha1-avilAjUNsyRuzEvs9rWjTSL37VM=",
      "requires": {
        "accepts": "~1.3.5",
        "array-flatten": "1.1.1",
        "body-parser": "1.18.2",
        "content-disposition": "0.5.2",
        "content-type": "~1.0.4",
        "cookie": "0.3.1",
        "cookie-signature": "1.0.6",
        "debug": "2.6.9",
        "depd": "~1.1.2",
        "encodeurl": "~1.0.2",
        "escape-html": "~1.0.3",
        "etag": "~1.8.1",
        "finalhandler": "1.1.1",
        "fresh": "0.5.2",
        "merge-descriptors": "1.0.1",
        "methods": "~1.1.2",
        "on-finished": "~2.3.0",
        "parseurl": "~1.3.2",
        "path-to-regexp": "0.1.7",
        "proxy-addr": "~2.0.3",
        "qs": "6.5.1",
        "range-parser": "~1.2.0",
        "safe-buffer": "5.1.1",
        "send": "0.16.2",
        "serve-static": "1.13.2",
        "setprototypeof": "1.1.0",
        "statuses": "~1.4.0",
        "type-is": "~1.6.16",
        "utils-merge": "1.0.1",
        "vary": "~1.1.2"
      }
    },
    "extend": {
      "version": "3.0.1",
      "resolved": "https://registry.npmjs.org/extend/-/extend-3.0.1.tgz",
      "integrity": "sha1-p1Xqe8Gt/MWjHOfnYtuq3F5jZEQ="
    },
    "extsprintf": {
      "version": "1.3.0",
      "resolved": "https://registry.npmjs.org/extsprintf/-/extsprintf-1.3.0.tgz",
      "integrity": "sha1-lpGEQOMEGnpBT4xS48V06zw+HgU="
    },
    "fast-deep-equal": {
      "version": "1.1.0",
      "resolved": "https://registry.npmjs.org/fast-deep-equal/-/fast-deep-equal-1.1.0.tgz",
      "integrity": "sha1-wFNHeBfIa1HaqFPIHgWbcz0CNhQ="
    },
    "fast-json-stable-stringify": {
      "version": "2.0.0",
      "resolved": "https://registry.npmjs.org/fast-json-stable-stringify/-/fast-json-stable-stringify-2.0.0.tgz",
      "integrity": "sha1-1RQsDK7msRifh9OnYREGT4bIu/I="
    },
    "finalhandler": {
      "version": "1.1.1",
      "resolved": "https://registry.npmjs.org/finalhandler/-/finalhandler-1.1.1.tgz",
      "integrity": "sha512-Y1GUDo39ez4aHAw7MysnUD5JzYX+WaIj8I57kO3aEPT1fFRL4sr7mjei97FgnwhAyyzRYmQZaTHb2+9uZ1dPtg==",
      "requires": {
        "debug": "2.6.9",
        "encodeurl": "~1.0.2",
        "escape-html": "~1.0.3",
        "on-finished": "~2.3.0",
        "parseurl": "~1.3.2",
        "statuses": "~1.4.0",
        "unpipe": "~1.0.0"
      }
    },
    "forever-agent": {
      "version": "0.6.1",
      "resolved": "https://registry.npmjs.org/forever-agent/-/forever-agent-0.6.1.tgz",
      "integrity": "sha1-+8cfDEGt6zf5bFd60e1C2P2sypE="
    },
    "form-data": {
      "version": "2.3.2",
      "resolved": "https://registry.npmjs.org/form-data/-/form-data-2.3.2.tgz",
      "integrity": "sha1-SXBJi+YEwgwAXU9cI67NIda0kJk=",
      "requires": {
        "asynckit": "^0.4.0",
        "combined-stream": "1.0.6",
        "mime-types": "^2.1.12"
      }
    },
    "forwarded": {
      "version": "0.1.2",
      "resolved": "https://registry.npmjs.org/forwarded/-/forwarded-0.1.2.tgz",
      "integrity": "sha1-mMI9qxF1ZXuMBXPozszZGw/xjIQ="
    },
    "fresh": {
      "version": "0.5.2",
      "resolved": "https://registry.npmjs.org/fresh/-/fresh-0.5.2.tgz",
      "integrity": "sha1-PYyt2Q2XZWn6g1qx+OSyOhBWBac="
    },
    "fs-readdir-recursive": {
      "version": "1.1.0",
      "resolved": "https://registry.npmjs.org/fs-readdir-recursive/-/fs-readdir-recursive-1.1.0.tgz",
      "integrity": "sha512-GNanXlVr2pf02+sPN40XN8HG+ePaNcvM0q5mZBd668Obwb0yD5GiUbZOFgwn8kGMY6I3mdyDJzieUy3PTYyTRA=="
    },
    "getpass": {
      "version": "0.1.7",
      "resolved": "https://registry.npmjs.org/getpass/-/getpass-0.1.7.tgz",
      "integrity": "sha1-Xv+OPmhNVprkyysSgmBOi6YhSfo=",
      "requires": {
        "assert-plus": "^1.0.0"
      }
    },
    "global": {
      "version": "https://github.com/component/global/archive/v2.0.1.tar.gz",
      "integrity": "sha512-O91OcV/NbdmQJPHaRu2ekSP7bqFRLWgqSwaJvqHPZHUwmHBagQYTOra29+LnzzG3lZkXH1ANzHzfCxtAPM9HMA=="
    },
    "har-schema": {
      "version": "2.0.0",
      "resolved": "https://registry.npmjs.org/har-schema/-/har-schema-2.0.0.tgz",
      "integrity": "sha1-qUwiJOvKwEeCoNkDVSHyRzW37JI="
    },
    "har-validator": {
      "version": "5.0.3",
      "resolved": "https://registry.npmjs.org/har-validator/-/har-validator-5.0.3.tgz",
      "integrity": "sha1-ukAsJmGU8VlW7xXg/PJCmT9qff0=",
      "requires": {
        "ajv": "^5.1.0",
        "har-schema": "^2.0.0"
      }
    },
    "has-binary": {
      "version": "0.1.5",
      "resolved": "https://registry.npmjs.org/has-binary/-/has-binary-0.1.5.tgz",
      "integrity": "sha1-ledXIP8xtyo7qJpbbc4ILkvGRn8=",
      "requires": {
        "isarray": "0.0.1"
      }
    },
    "has-binary-data": {
      "version": "0.1.3",
      "resolved": "https://registry.npmjs.org/has-binary-data/-/has-binary-data-0.1.3.tgz",
      "integrity": "sha1-jrsYOItX8ZpSMSdaFvwY1R83mq4=",
      "requires": {
        "isarray": "0.0.1"
      }
    },
    "has-cors": {
      "version": "1.0.3",
      "resolved": "https://registry.npmjs.org/has-cors/-/has-cors-1.0.3.tgz",
      "integrity": "sha1-UCrLmzEE2sM90mMOry+IiwuvTLM=",
      "requires": {
        "global": "https://github.com/component/global/archive/v2.0.1.tar.gz"
      }
    },
    "hawk": {
      "version": "6.0.2",
      "resolved": "https://registry.npmjs.org/hawk/-/hawk-6.0.2.tgz",
      "integrity": "sha512-miowhl2+U7Qle4vdLqDdPt9m09K6yZhkLDTWGoUiUzrQCn+mHHSmfJgAyGaLRZbPmTqfFFjRV1QWCW0VWUJBbQ==",
      "requires": {
        "boom": "4.x.x",
        "cryptiles": "3.x.x",
        "hoek": "4.x.x",
        "sntp": "2.x.x"
      }
    },
    "hoek": {
      "version": "4.2.1",
      "resolved": "https://registry.npmjs.org/hoek/-/hoek-4.2.1.tgz",
      "integrity": "sha512-QLg82fGkfnJ/4iy1xZ81/9SIJiq1NGFUMGs6ParyjBZr6jW2Ufj/snDqTHixNlHdPNwN2RLVD0Pi3igeK9+JfA=="
    },
    "http-errors": {
      "version": "1.6.3",
      "resolved": "https://registry.npmjs.org/http-errors/-/http-errors-1.6.3.tgz",
      "integrity": "sha1-i1VoC7S+KDoLW/TqLjhYC+HZMg0=",
      "requires": {
        "depd": "~1.1.2",
        "inherits": "2.0.3",
        "setprototypeof": "1.1.0",
        "statuses": ">= 1.4.0 < 2"
      }
    },
    "http-signature": {
      "version": "1.2.0",
      "resolved": "https://registry.npmjs.org/http-signature/-/http-signature-1.2.0.tgz",
      "integrity": "sha1-muzZJRFHcvPZW2WmCruPfBj7rOE=",
      "requires": {
        "assert-plus": "^1.0.0",
        "jsprim": "^1.2.2",
        "sshpk": "^1.7.0"
      }
    },
    "iconv-lite": {
      "version": "0.4.19",
      "resolved": "https://registry.npmjs.org/iconv-lite/-/iconv-lite-0.4.19.tgz",
      "integrity": "sha512-oTZqweIP51xaGPI4uPa56/Pri/480R+mo7SeU+YETByQNhDG55ycFyNLIgta9vXhILrxXDmF7ZGhqZIcuN0gJQ=="
    },
    "indexof": {
      "version": "0.0.1",
      "resolved": "https://registry.npmjs.org/indexof/-/indexof-0.0.1.tgz",
      "integrity": "sha1-gtwzbSMrkGIXnQWrMpOmYFn9Q10="
    },
    "inherits": {
      "version": "2.0.3",
      "resolved": "https://registry.npmjs.org/inherits/-/inherits-2.0.3.tgz",
      "integrity": "sha1-Yzwsg+PaQqUC9SRmAiSA9CCCYd4="
    },
    "ipaddr.js": {
      "version": "1.6.0",
      "resolved": "https://registry.npmjs.org/ipaddr.js/-/ipaddr.js-1.6.0.tgz",
      "integrity": "sha1-4/o1e3c9phnybpXwSdBVxyeW+Gs="
    },
    "is-typedarray": {
      "version": "1.0.0",
      "resolved": "https://registry.npmjs.org/is-typedarray/-/is-typedarray-1.0.0.tgz",
      "integrity": "sha1-5HnICFjfDBsR3dppQPlgEfzaSpo="
    },
    "isarray": {
      "version": "0.0.1",
      "resolved": "https://registry.npmjs.org/isarray/-/isarray-0.0.1.tgz",
      "integrity": "sha1-ihis/Kmo9Bd+Cav8YDiTmwXR7t8="
    },
    "isstream": {
      "version": "0.1.2",
      "resolved": "https://registry.npmjs.org/isstream/-/isstream-0.1.2.tgz",
      "integrity": "sha1-R+Y/evVa+m+S4VAOaQ64uFKcCZo="
    },
    "jsbn": {
      "version": "0.1.1",
      "resolved": "https://registry.npmjs.org/jsbn/-/jsbn-0.1.1.tgz",
      "integrity": "sha1-peZUwuWi3rXyAdls77yoDA7y9RM=",
      "optional": true
    },
    "json-schema": {
      "version": "0.2.3",
      "resolved": "https://registry.npmjs.org/json-schema/-/json-schema-0.2.3.tgz",
      "integrity": "sha1-tIDIkuWaLwWVTOcnvT8qTogvnhM="
    },
    "json-schema-traverse": {
      "version": "0.3.1",
      "resolved": "https://registry.npmjs.org/json-schema-traverse/-/json-schema-traverse-0.3.1.tgz",
      "integrity": "sha1-NJptRMU6Ud6JtAgFxdXlm0F9M0A="
    },
    "json-stringify-safe": {
      "version": "5.0.1",
      "resolved": "https://registry.npmjs.org/json-stringify-safe/-/json-stringify-safe-5.0.1.tgz",
      "integrity": "sha1-Epai1Y/UXxmg9s4B1lcB4sc1tus="
    },
    "json3": {
      "version": "3.2.6",
      "resolved": "https://registry.npmjs.org/json3/-/json3-3.2.6.tgz",
      "integrity": "sha1-9u/JPAagTemuxTBT3yVZuxniA4s="
    },
    "jsprim": {
      "version": "1.4.1",
      "resolved": "https://registry.npmjs.org/jsprim/-/jsprim-1.4.1.tgz",
      "integrity": "sha1-MT5mvB5cwG5Di8G3SZwuXFastqI=",
      "requires": {
        "assert-plus": "1.0.0",
        "extsprintf": "1.3.0",
        "json-schema": "0.2.3",
        "verror": "1.10.0"
      }
    },
    "media-typer": {
      "version": "0.3.0",
      "resolved": "https://registry.npmjs.org/media-typer/-/media-typer-0.3.0.tgz",
      "integrity": "sha1-hxDXrwqmJvj/+hzgAWhUUmMlV0g="
    },
    "merge-descriptors": {
      "version": "1.0.1",
      "resolved": "https://registry.npmjs.org/merge-descriptors/-/merge-descriptors-1.0.1.tgz",
      "integrity": "sha1-sAqqVW3YtEVoFQ7J0blT8/kMu2E="
    },
    "methods": {
      "version": "1.1.2",
      "resolved": "https://registry.npmjs.org/methods/-/methods-1.1.2.tgz",
      "integrity": "sha1-VSmk1nZUE07cxSZmVoNbD4Ua/O4="
    },
    "mime": {
      "version": "1.4.1",
      "resolved": "https://registry.npmjs.org/mime/-/mime-1.4.1.tgz",
      "integrity": "sha512-KI1+qOZu5DcW6wayYHSzR/tXKCDC5Om4s1z2QJjDULzLcmf3DvzS7oluY4HCTrc+9FiKmWUgeNLg7W3uIQvxtQ=="
    },
    "mime-db": {
      "version": "1.33.0",
      "resolved": "https://registry.npmjs.org/mime-db/-/mime-db-1.33.0.tgz",
      "integrity": "sha512-BHJ/EKruNIqJf/QahvxwQZXKygOQ256myeN/Ew+THcAa5q+PjyTTMMeNQC4DZw5AwfvelsUrA6B67NKMqXDbzQ=="
    },
    "mime-types": {
      "version": "2.1.18",
      "resolved": "https://registry.npmjs.org/mime-types/-/mime-types-2.1.18.tgz",
      "integrity": "sha512-lc/aahn+t4/SWV/qcmumYjymLsWfN3ELhpmVuUFjgsORruuZPVSwAQryq+HHGvO/SI2KVX26bx+En+zhM8g8hQ==",
      "requires": {
        "mime-db": "~1.33.0"
      }
    },
    "ms": {
      "version": "2.0.0",
      "resolved": "https://registry.npmjs.org/ms/-/ms-2.0.0.tgz",
      "integrity": "sha1-VgiurfwAvmwpAd9fmGF4jeDVl8g="
    },
    "nan": {
      "version": "0.3.2",
      "resolved": "https://registry.npmjs.org/nan/-/nan-0.3.2.tgz",
      "integrity": "sha1-DfGTXKsVNpB17xYK0olBB6oU3C0="
    },
    "negotiator": {
      "version": "0.6.1",
      "resolved": "https://registry.npmjs.org/negotiator/-/negotiator-0.6.1.tgz",
      "integrity": "sha1-KzJxhOiZIQEXeyhWP7XnECrNDKk="
    },
    "oauth-sign": {
      "version": "0.8.2",
      "resolved": "https://registry.npmjs.org/oauth-sign/-/oauth-sign-0.8.2.tgz",
      "integrity": "sha1-Rqarfwrq2N6unsBWV4C31O/rnUM="
    },
    "object-component": {
      "version": "0.0.3",
      "resolved": "https://registry.npmjs.org/object-component/-/object-component-0.0.3.tgz",
      "integrity": "sha1-8MaapQ78lbhmwYb0AKM3acsvEpE="
    },
    "object-keys": {
      "version": "1.0.1",
      "resolved": "https://registry.npmjs.org/object-keys/-/object-keys-1.0.1.tgz",
      "integrity": "sha1-VYAuhYQsJru167wVer874wJWm6g="
    },
    "on-finished": {
      "version": "2.3.0",
      "resolved": "https://registry.npmjs.org/on-finished/-/on-finished-2.3.0.tgz",
      "integrity": "sha1-IPEzZIGwg811M3mSoWlxqi2QaUc=",
      "requires": {
        "ee-first": "1.1.1"
      }
    },
    "options": {
      "version": "0.0.6",
      "resolved": "https://registry.npmjs.org/options/-/options-0.0.6.tgz",
      "integrity": "sha1-7CLTEoBrtT5zF3Pnza788cZDEo8="
    },
    "parsejson": {
      "version": "0.0.1",
      "resolved": "https://registry.npmjs.org/parsejson/-/parsejson-0.0.1.tgz",
      "integrity": "sha1-mxDGwNglq1ieaFFTgm3go7oni8w=",
      "requires": {
        "better-assert": "~1.0.0"
      }
    },
    "parseqs": {
      "version": "0.0.2",
      "resolved": "https://registry.npmjs.org/parseqs/-/parseqs-0.0.2.tgz",
      "integrity": "sha1-nf5wss3aw4i95PNbHyQPpYrb5sc=",
      "requires": {
        "better-assert": "~1.0.0"
      }
    },
    "parseuri": {
      "version": "0.0.2",
      "resolved": "https://registry.npmjs.org/parseuri/-/parseuri-0.0.2.tgz",
      "integrity": "sha1-20GHjy1pZHGL6HCzFAlz2Ak74VY=",
      "requires": {
        "better-assert": "~1.0.0"
      }
    },
    "parseurl": {
      "version": "1.3.2",
      "resolved": "https://registry.npmjs.org/parseurl/-/parseurl-1.3.2.tgz",
      "integrity": "sha1-/CidTtiZMRlGDBViUyYs3I3mW/M="
    },
    "path-to-regexp": {
      "version": "0.1.7",
      "resolved": "https://registry.npmjs.org/path-to-regexp/-/path-to-regexp-0.1.7.tgz",
      "integrity": "sha1-32BBeABfUi8V60SQ5yR6G/qmf4w="
    },
    "performance-now": {
      "version": "2.1.0",
      "resolved": "https://registry.npmjs.org/performance-now/-/performance-now-2.1.0.tgz",
      "integrity": "sha1-Ywn04OX6kT7BxpMHrjZLSzd8nns="
    },
    "proxy-addr": {
      "version": "2.0.3",
      "resolved": "https://registry.npmjs.org/proxy-addr/-/proxy-addr-2.0.3.tgz",
      "integrity": "sha512-jQTChiCJteusULxjBp8+jftSQE5Obdl3k4cnmLA6WXtK6XFuWRnvVL7aCiBqaLPM8c4ph0S4tKna8XvmIwEnXQ==",
      "requires": {
        "forwarded": "~0.1.2",
        "ipaddr.js": "1.6.0"
      }
    },
    "punycode": {
      "version": "1.4.1",
      "resolved": "https://registry.npmjs.org/punycode/-/punycode-1.4.1.tgz",
      "integrity": "sha1-wNWmOycYgArY4esPpSachN1BhF4="
    },
    "qs": {
      "version": "6.5.1",
      "resolved": "https://registry.npmjs.org/qs/-/qs-6.5.1.tgz",
      "integrity": "sha512-eRzhrN1WSINYCDCbrz796z37LOe3m5tmW7RQf6oBntukAG1nmovJvhnwHHRMAfeoItc1m2Hk02WER2aQ/iqs+A=="
    },
    "range-parser": {
      "version": "1.2.0",
      "resolved": "https://registry.npmjs.org/range-parser/-/range-parser-1.2.0.tgz",
      "integrity": "sha1-9JvmtIeJTdxA3MlKMi9hEJLgDV4="
    },
    "raw-body": {
      "version": "2.3.2",
      "resolved": "https://registry.npmjs.org/raw-body/-/raw-body-2.3.2.tgz",
      "integrity": "sha1-vNYMd9Prk83gBQKVw/N5OJvIj4k=",
      "requires": {
        "bytes": "3.0.0",
        "http-errors": "1.6.2",
        "iconv-lite": "0.4.19",
        "unpipe": "1.0.0"
      },
      "dependencies": {
        "depd": {
          "version": "1.1.1",
          "resolved": "https://registry.npmjs.org/depd/-/depd-1.1.1.tgz",
          "integrity": "sha1-V4O04cRZ8G+lyif5kfPQbnoxA1k="
        },
        "http-errors": {
          "version": "1.6.2",
          "resolved": "https://registry.npmjs.org/http-errors/-/http-errors-1.6.2.tgz",
          "integrity": "sha1-CgAsyFcHGSp+eUbO7cERVfYOxzY=",
          "requires": {
            "depd": "1.1.1",
            "inherits": "2.0.3",
            "setprototypeof": "1.0.3",
            "statuses": ">= 1.3.1 < 2"
          }
        },
        "setprototypeof": {
          "version": "1.0.3",
          "resolved": "https://registry.npmjs.org/setprototypeof/-/setprototypeof-1.0.3.tgz",
          "integrity": "sha1-ZlZ+NwQ+608E2RvWWMDL77VbjgQ="
        }
      }
    },
    "request": {
      "version": "2.85.0",
      "resolved": "https://registry.npmjs.org/request/-/request-2.85.0.tgz",
      "integrity": "sha512-8H7Ehijd4js+s6wuVPLjwORxD4zeuyjYugprdOXlPSqaApmL/QOy+EB/beICHVCHkGMKNh5rvihb5ov+IDw4mg==",
      "requires": {
        "aws-sign2": "~0.7.0",
        "aws4": "^1.6.0",
        "caseless": "~0.12.0",
        "combined-stream": "~1.0.5",
        "extend": "~3.0.1",
        "forever-agent": "~0.6.1",
        "form-data": "~2.3.1",
        "har-validator": "~5.0.3",
        "hawk": "~6.0.2",
        "http-signature": "~1.2.0",
        "is-typedarray": "~1.0.0",
        "isstream": "~0.1.2",
        "json-stringify-safe": "~5.0.1",
        "mime-types": "~2.1.17",
        "oauth-sign": "~0.8.2",
        "performance-now": "^2.1.0",
        "qs": "~6.5.1",
        "safe-buffer": "^5.1.1",
        "stringstream": "~0.0.5",
        "tough-cookie": "~2.3.3",
        "tunnel-agent": "^0.6.0",
        "uuid": "^3.1.0"
      }
    },
    "rivescript": {
      "version": "1.19.0",
      "resolved": "https://registry.npmjs.org/rivescript/-/rivescript-1.19.0.tgz",
      "integrity": "sha512-5h7Ukz3ImtcUpGhUeaADNXQHCdRHKJYSIxfUdkXkS9T9+eeReW/8E6VRCXVHPtiLfo5m8PEHOx7AISDczlWrZA==",
      "requires": {
        "fs-readdir-recursive": "^1.0.0",
        "rsvp": "^3.1.0"
      }
    },
    "rsvp": {
      "version": "3.6.2",
      "resolved": "https://registry.npmjs.org/rsvp/-/rsvp-3.6.2.tgz",
      "integrity": "sha512-OfWGQTb9vnwRjwtA2QwpG2ICclHC3pgXZO5xt8H2EfgDquO0qVdSb5T88L4qJVAEugbS56pAuV4XZM58UX8ulw=="
    },
    "safe-buffer": {
      "version": "5.1.1",
      "resolved": "https://registry.npmjs.org/safe-buffer/-/safe-buffer-5.1.1.tgz",
      "integrity": "sha512-kKvNJn6Mm93gAczWVJg7wH+wGYWNrDHdWvpUmHyEsgCtIwwo3bqPtV4tR5tuPaUhTOo/kvhVwd8XwwOllGYkbg=="
    },
    "send": {
      "version": "0.16.2",
      "resolved": "https://registry.npmjs.org/send/-/send-0.16.2.tgz",
      "integrity": "sha512-E64YFPUssFHEFBvpbbjr44NCLtI1AohxQ8ZSiJjQLskAdKuriYEP6VyGEsRDH8ScozGpkaX1BGvhanqCwkcEZw==",
      "requires": {
        "debug": "2.6.9",
        "depd": "~1.1.2",
        "destroy": "~1.0.4",
        "encodeurl": "~1.0.2",
        "escape-html": "~1.0.3",
        "etag": "~1.8.1",
        "fresh": "0.5.2",
        "http-errors": "~1.6.2",
        "mime": "1.4.1",
        "ms": "2.0.0",
        "on-finished": "~2.3.0",
        "range-parser": "~1.2.0",
        "statuses": "~1.4.0"
      }
    },
    "serve-static": {
      "version": "1.13.2",
      "resolved": "https://registry.npmjs.org/serve-static/-/serve-static-1.13.2.tgz",
      "integrity": "sha512-p/tdJrO4U387R9oMjb1oj7qSMaMfmOyd4j9hOFoxZe2baQszgHcSWjuya/CiT5kgZZKRudHNOA0pYXOl8rQ5nw==",
      "requires": {
        "encodeurl": "~1.0.2",
        "escape-html": "~1.0.3",
        "parseurl": "~1.3.2",
        "send": "0.16.2"
      }
    },
    "setprototypeof": {
      "version": "1.1.0",
      "resolved": "https://registry.npmjs.org/setprototypeof/-/setprototypeof-1.1.0.tgz",
      "integrity": "sha512-BvE/TwpZX4FXExxOxZyRGQQv651MSwmWKZGqvmPcRIjDqWub67kTKuIMx43cZZrS/cBBzwBcNDWoFxt2XEFIpQ=="
    },
    "sntp": {
      "version": "2.1.0",
      "resolved": "https://registry.npmjs.org/sntp/-/sntp-2.1.0.tgz",
      "integrity": "sha512-FL1b58BDrqS3A11lJ0zEdnJ3UOKqVxawAkF3k7F0CVN7VQ34aZrV+G8BZ1WC9ZL7NyrwsW0oviwsWDgRuVYtJg==",
      "requires": {
        "hoek": "4.x.x"
      }
    },
    "socket.io": {
      "version": "1.2.0",
      "resolved": "https://registry.npmjs.org/socket.io/-/socket.io-1.2.0.tgz",
      "integrity": "sha1-AvAP/CRiYpT0aSTUwlzjWpuUB4k=",
      "requires": {
        "debug": "0.7.4",
        "engine.io": "1.4.2",
        "has-binary-data": "0.1.3",
        "socket.io-adapter": "0.3.1",
        "socket.io-client": "1.2.0",
        "socket.io-parser": "2.2.2"
      },
      "dependencies": {
        "debug": {
          "version": "0.7.4",
          "resolved": "https://registry.npmjs.org/debug/-/debug-0.7.4.tgz",
          "integrity": "sha1-BuHqgILCyxTjmAbiLi9vdX+Srzk="
        }
      }
    },
    "socket.io-adapter": {
      "version": "0.3.1",
      "resolved": "https://registry.npmjs.org/socket.io-adapter/-/socket.io-adapter-0.3.1.tgz",
      "integrity": "sha1-34H5cLTfZJOQLZPlGce3J1XDqVg=",
      "requires": {
        "debug": "1.0.2",
        "object-keys": "1.0.1",
        "socket.io-parser": "2.2.2"
      },
      "dependencies": {
        "debug": {
          "version": "1.0.2",
          "resolved": "https://registry.npmjs.org/debug/-/debug-1.0.2.tgz",
          "integrity": "sha1-OElZHBDM5khHbDx8Li40FttZY8Q=",
          "requires": {
            "ms": "0.6.2"
          }
        },
        "ms": {
          "version": "0.6.2",
          "resolved": "https://registry.npmjs.org/ms/-/ms-0.6.2.tgz",
          "integrity": "sha1-2JwhJMb9wTU9Zai3e/GqxLGTcIw="
        }
      }
    },
    "socket.io-client": {
      "version": "1.2.0",
      "resolved": "https://registry.npmjs.org/socket.io-client/-/socket.io-client-1.2.0.tgz",
      "integrity": "sha1-Emi9P7GC//OvpE4SbxIw1juNFh0=",
      "requires": {
        "component-bind": "1.0.0",
        "component-emitter": "1.1.2",
        "debug": "0.7.4",
        "engine.io-client": "1.4.2",
        "has-binary": "0.1.5",
        "indexof": "0.0.1",
        "object-component": "0.0.3",
        "parseuri": "0.0.2",
        "socket.io-parser": "2.2.2",
        "to-array": "0.1.3"
      },
      "dependencies": {
        "debug": {
          "version": "0.7.4",
          "resolved": "https://registry.npmjs.org/debug/-/debug-0.7.4.tgz",
          "integrity": "sha1-BuHqgILCyxTjmAbiLi9vdX+Srzk="
        }
      }
    },
    "socket.io-parser": {
      "version": "2.2.2",
      "resolved": "https://registry.npmjs.org/socket.io-parser/-/socket.io-parser-2.2.2.tgz",
      "integrity": "sha1-PXr2tkSX6Va32f53X5mXFgJ/lBc=",
      "requires": {
        "benchmark": "1.0.0",
        "component-emitter": "1.1.2",
        "debug": "0.7.4",
        "isarray": "0.0.1",
        "json3": "3.2.6"
      },
      "dependencies": {
        "debug": {
          "version": "0.7.4",
          "resolved": "https://registry.npmjs.org/debug/-/debug-0.7.4.tgz",
          "integrity": "sha1-BuHqgILCyxTjmAbiLi9vdX+Srzk="
        }
      }
    },
    "sshpk": {
      "version": "1.14.1",
      "resolved": "https://registry.npmjs.org/sshpk/-/sshpk-1.14.1.tgz",
      "integrity": "sha1-Ew9Zde3a2WPx1W+SuaxsUfqfg+s=",
      "requires": {
        "asn1": "~0.2.3",
        "assert-plus": "^1.0.0",
        "bcrypt-pbkdf": "^1.0.0",
        "dashdash": "^1.12.0",
        "ecc-jsbn": "~0.1.1",
        "getpass": "^0.1.1",
        "jsbn": "~0.1.0",
        "tweetnacl": "~0.14.0"
      }
    },
    "statuses": {
      "version": "1.4.0",
      "resolved": "https://registry.npmjs.org/statuses/-/statuses-1.4.0.tgz",
      "integrity": "sha512-zhSCtt8v2NDrRlPQpCNtw/heZLtfUDqxBM1udqikb/Hbk52LK4nQSwr10u77iopCW5LsyHpuXS0GnEc48mLeew=="
    },
    "stringstream": {
      "version": "0.0.5",
      "resolved": "https://registry.npmjs.org/stringstream/-/stringstream-0.0.5.tgz",
      "integrity": "sha1-TkhM1N5aC7vuGORjB3EKioFiGHg="
    },
    "tinycolor": {
      "version": "0.0.1",
      "resolved": "https://registry.npmjs.org/tinycolor/-/tinycolor-0.0.1.tgz",
      "integrity": "sha1-MgtaUtg6u1l42Bo+iH1K77FaYWQ="
    },
    "to-array": {
      "version": "0.1.3",
      "resolved": "https://registry.npmjs.org/to-array/-/to-array-0.1.3.tgz",
      "integrity": "sha1-1F2txjY0F/YPKEdP6lDs3btPSZE="
    },
    "tough-cookie": {
      "version": "2.3.4",
      "resolved": "https://registry.npmjs.org/tough-cookie/-/tough-cookie-2.3.4.tgz",
      "integrity": "sha512-TZ6TTfI5NtZnuyy/Kecv+CnoROnyXn2DN97LontgQpCwsX2XyLYCC0ENhYkehSOwAp8rTQKc/NUIF7BkQ5rKLA==",
      "requires": {
        "punycode": "^1.4.1"
      }
    },
    "tunnel-agent": {
      "version": "0.6.0",
      "resolved": "https://registry.npmjs.org/tunnel-agent/-/tunnel-agent-0.6.0.tgz",
      "integrity": "sha1-J6XeoGs2sEoKmWZ3SykIaPD8QP0=",
      "requires": {
        "safe-buffer": "^5.0.1"
      }
    },
    "tweetnacl": {
      "version": "0.14.5",
      "resolved": "https://registry.npmjs.org/tweetnacl/-/tweetnacl-0.14.5.tgz",
      "integrity": "sha1-WuaBd/GS1EViadEIr6k/+HQ/T2Q=",
      "optional": true
    },
    "type-is": {
      "version": "1.6.16",
      "resolved": "https://registry.npmjs.org/type-is/-/type-is-1.6.16.tgz",
      "integrity": "sha512-HRkVv/5qY2G6I8iab9cI7v1bOIdhm94dVjQCPFElW9W+3GeDOSHmy2EBYe4VTApuzolPcmgFTN3ftVJRKR2J9Q==",
      "requires": {
        "media-typer": "0.3.0",
        "mime-types": "~2.1.18"
      }
    },
    "unpipe": {
      "version": "1.0.0",
      "resolved": "https://registry.npmjs.org/unpipe/-/unpipe-1.0.0.tgz",
      "integrity": "sha1-sr9O6FFKrmFltIF4KdIbLvSZBOw="
    },
    "utf8": {
      "version": "2.0.0",
      "resolved": "https://registry.npmjs.org/utf8/-/utf8-2.0.0.tgz",
      "integrity": "sha1-ec5Z7O2HSAnKuacfxxAsfUXUEY0="
    },
    "utils-merge": {
      "version": "1.0.1",
      "resolved": "https://registry.npmjs.org/utils-merge/-/utils-merge-1.0.1.tgz",
      "integrity": "sha1-n5VxD1CiZ5R7LMwSR0HBAoQn5xM="
    },
    "uuid": {
      "version": "3.2.1",
      "resolved": "https://registry.npmjs.org/uuid/-/uuid-3.2.1.tgz",
      "integrity": "sha512-jZnMwlb9Iku/O3smGWvZhauCf6cvvpKi4BKRiliS3cxnI+Gz9j5MEpTz2UFuXiKPJocb7gnsLHwiS05ige5BEA=="
    },
    "vary": {
      "version": "1.1.2",
      "resolved": "https://registry.npmjs.org/vary/-/vary-1.1.2.tgz",
      "integrity": "sha1-IpnwLG3tMNSllhsLn3RSShj2NPw="
    },
    "verror": {
      "version": "1.10.0",
      "resolved": "https://registry.npmjs.org/verror/-/verror-1.10.0.tgz",
      "integrity": "sha1-OhBcoXBTr1XW4nDB+CiGguGNpAA=",
      "requires": {
        "assert-plus": "^1.0.0",
        "core-util-is": "1.0.2",
        "extsprintf": "^1.2.0"
      }
    },
    "ws": {
      "version": "0.4.31",
      "resolved": "https://registry.npmjs.org/ws/-/ws-0.4.31.tgz",
      "integrity": "sha1-WkhJ56nM0e1aga60hHyf7fMSKSc=",
      "requires": {
        "commander": "~0.6.1",
        "nan": "~0.3.0",
        "options": ">=0.0.5",
        "tinycolor": "0.x"
      }
    },
    "xmlhttprequest": {
      "version": "https://github.com/LearnBoost/node-XMLHttpRequest/archive/0f36d0b5ebc03d85f860d42a64ae9791e1daa433.tar.gz",
      "integrity": "sha512-TVSZwoeUQ7OKhb8jnQdSxGFz+lm4MGWmhG0deeYg85VQT74x5LcSrKeXHE0ZIzEycgqQ5mF8r8e1AykA7TpNAQ=="
    }
  }
}
